Start_date	End_date	Activity_name
7/15/11 12:00 AM	7/15/11 7:26 AM	Sleep
7/15/11 7:27 AM	7/15/11 7:30 AM	Toilet
7/15/11 7:30 AM	7/15/11 7:31 AM	Morning_Meds
7/15/11 7:32 AM	7/15/11 8:26 AM	Read
7/15/11 8:26 AM	7/15/11 10:00 AM	Sleep
7/15/11 10:01 AM	7/15/11 10:04 AM	Toilet
7/15/11 10:04 AM	7/15/11 10:08 AM	Dress
7/15/11 10:12 AM	7/15/11 10:39 AM	Work_At_Table
7/15/11 10:39 AM	7/15/11 10:44 AM	Cook_Breakfast
7/15/11 10:45 AM	7/15/11 11:04 AM	Eat_Breakfast
7/15/11 11:04 AM	7/15/11 11:06 AM	Wash_Breakfast_Dishes
7/15/11 11:06 AM	7/15/11 11:11 AM	Work_At_Table
7/15/11 11:13 AM	7/15/11 11:55 AM	Relax
7/15/11 11:55 AM	7/15/11 11:58 AM	Toilet
7/15/11 11:58 AM	7/15/11 12:20 PM	Work
7/15/11 12:20 PM	7/15/11 12:21 PM	Take_Medicine
7/15/11 12:21 PM	7/15/11 12:44 PM	Relax
7/15/11 12:44 PM	7/15/11 12:46 PM	Entertain_Guests
7/15/11 12:46 PM	7/15/11 1:34 PM	Relax
7/15/11 1:34 PM	7/15/11 1:37 PM	Drink
7/15/11 1:38 PM	7/15/11 1:46 PM	Toilet
7/15/11 1:47 PM	7/15/11 2:51 PM	Sleep_Out_Of_Bed
7/15/11 2:52 PM	7/15/11 2:54 PM	Drink
7/15/11 2:55 PM	7/15/11 2:57 PM	Toilet
7/15/11 2:59 PM	7/15/11 7:09 PM	Sleep_Out_Of_Bed
7/15/11 7:11 PM	7/15/11 7:29 PM	Cook_Dinner
7/15/11 7:29 PM	7/15/11 8:00 PM	Eat_Dinner
7/15/11 8:00 PM	7/15/11 8:01 PM	Wash_Dinner_Dishes
7/15/11 8:03 PM	7/15/11 8:52 PM	Watch_TV
7/15/11 8:52 PM	7/15/11 8:53 PM	Drink
7/15/11 8:53 PM	7/15/11 8:55 PM	Toilet
7/15/11 8:56 PM	7/15/11 9:36 PM	Read
7/15/11 9:38 PM	7/15/11 9:45 PM	Wash_Dinner_Dishes
7/15/11 9:53 PM	7/15/11 10:15 PM	Work_At_Table
7/15/11 10:19 PM	7/15/11 11:49 PM	Watch_TV
7/15/11 11:51 PM	7/15/11 11:51 PM	Dress
7/15/11 11:51 PM	7/16/11 12:14 AM	Personal_Hygiene
7/16/11 12:00 AM	7/16/11 12:14 AM	Personal_Hygiene
7/16/11 12:14 AM	7/16/11 12:14 AM	Dress
7/16/11 12:14 AM	7/16/11 12:15 AM	Personal_Hygiene
7/16/11 12:16 AM	7/16/11 6:13 AM	Sleep
7/16/11 6:14 AM	7/16/11 6:16 AM	Bed_Toilet_Transition
7/16/11 6:22 AM	7/16/11 9:02 AM	Sleep
7/16/11 9:03 AM	7/16/11 9:05 AM	Toilet
7/16/11 9:05 AM	7/16/11 9:05 AM	Morning_Meds
7/16/11 9:07 AM	7/16/11 10:05 AM	Read
7/16/11 10:06 AM	7/16/11 10:24 AM	Work_At_Table
7/16/11 10:25 AM	7/16/11 10:33 AM	Cook_Breakfast
7/16/11 10:33 AM	7/16/11 10:37 AM	Cook_Dinner
7/16/11 10:38 AM	7/16/11 10:40 AM	Work_At_Table
7/16/11 10:45 AM	7/16/11 10:58 AM	Wash_Breakfast_Dishes
7/16/11 10:59 AM	7/16/11 11:05 AM	Relax
7/16/11 11:06 AM	7/16/11 11:07 AM	Drink
7/16/11 11:09 AM	7/16/11 11:11 AM	Eat_Breakfast
7/16/11 11:12 AM	7/16/11 11:17 AM	Toilet
7/16/11 11:18 AM	7/16/11 11:36 AM	Work
7/16/11 11:36 AM	7/16/11 11:41 AM	Toilet
7/16/11 11:43 AM	7/16/11 11:48 AM	Relax
7/16/11 11:52 AM	7/16/11 11:52 AM	Personal_Hygiene
7/16/11 11:52 AM	7/16/11 11:53 AM	Toilet
7/16/11 11:54 AM	7/16/11 11:58 AM	Personal_Hygiene
7/16/11 11:58 AM	7/16/11 11:59 AM	Toilet
7/16/11 11:59 AM	7/16/11 12:01 PM	Take_Medicine
7/16/11 12:03 PM	7/16/11 12:05 PM	Toilet
7/16/11 12:06 PM	7/16/11 12:23 PM	Bathe
7/16/11 12:23 PM	7/16/11 12:35 PM	Dress
7/16/11 12:35 PM	7/16/11 12:48 PM	Enter_Home
7/16/11 12:49 PM	7/16/11 12:50 PM	Leave_Home
7/16/11 12:55 PM	7/16/11 12:56 PM	Groom
7/16/11 12:56 PM	7/16/11 12:56 PM	Relax
7/16/11 12:56 PM	7/16/11 1:24 PM	Sleep_Out_Of_Bed
7/16/11 1:30 PM	7/16/11 1:30 PM	Leave_Home
7/16/11 4:33 PM	7/16/11 4:33 PM	Enter_Home
7/16/11 4:45 PM	7/16/11 4:54 PM	Phone
7/16/11 4:58 PM	7/16/11 4:59 PM	Personal_Hygiene
7/16/11 4:59 PM	7/16/11 5:02 PM	Step_Out
7/16/11 5:05 PM	7/16/11 5:06 PM	Drink
7/16/11 5:09 PM	7/16/11 7:01 PM	Watch_TV
7/16/11 7:02 PM	7/16/11 7:04 PM	Cook_Dinner
7/16/11 7:04 PM	7/16/11 7:42 PM	Watch_TV
7/16/11 7:42 PM	7/16/11 7:54 PM	Cook_Dinner
7/16/11 7:54 PM	7/16/11 7:55 PM	Toilet
7/16/11 7:55 PM	7/16/11 7:58 PM	Cook_Dinner
7/16/11 7:58 PM	7/16/11 8:02 PM	Eat_Dinner
7/16/11 8:02 PM	7/16/11 8:03 PM	Phone
7/16/11 8:03 PM	7/16/11 8:08 PM	Eat_Dinner
7/16/11 8:08 PM	7/16/11 8:11 PM	Wash_Dinner_Dishes
7/16/11 8:14 PM	7/16/11 8:28 PM	Work_At_Table
7/16/11 8:29 PM	7/16/11 8:31 PM	Toilet
7/16/11 8:32 PM	7/16/11 8:34 PM	Drink
7/16/11 8:34 PM	7/16/11 8:54 PM	Work_At_Table
7/16/11 8:56 PM	7/16/11 8:59 PM	Wash_Dinner_Dishes
7/16/11 8:59 PM	7/16/11 9:00 PM	Drink
7/16/11 9:05 PM	7/16/11 9:10 PM	Step_Out
7/16/11 9:11 PM	7/16/11 9:13 PM	Toilet
7/16/11 9:14 PM	7/16/11 10:20 PM	Read
7/16/11 10:22 PM	7/16/11 10:32 PM	Dress
7/16/11 10:33 PM	7/16/11 10:35 PM	Toilet
7/16/11 10:36 PM	7/16/11 10:36 PM	Personal_Hygiene
7/16/11 10:37 PM	7/16/11 10:37 PM	Groom
7/16/11 10:42 PM	7/16/11 10:46 PM	Work
7/16/11 10:47 PM	7/16/11 10:49 PM	Dress
7/16/11 10:49 PM	7/16/11 11:13 PM	Groom
7/16/11 11:14 PM	7/16/11 11:14 PM	Personal_Hygiene
7/16/11 11:15 PM	7/17/11 5:12 AM	Sleep
7/17/11 12:03 AM	7/17/11 5:12 AM	Sleep
7/17/11 5:12 AM	7/17/11 5:16 AM	Bed_Toilet_Transition
7/17/11 5:16 AM	7/17/11 9:00 AM	Sleep
7/17/11 9:02 AM	7/17/11 9:05 AM	Toilet
7/17/11 9:05 AM	7/17/11 9:05 AM	Morning_Meds
7/17/11 9:07 AM	7/17/11 11:05 AM	Read
7/17/11 11:06 AM	7/17/11 11:12 AM	Wash_Dishes
7/17/11 11:17 AM	7/17/11 11:22 AM	Personal_Hygiene
7/17/11 11:23 AM	7/17/11 11:35 AM	Bathe
7/17/11 11:36 AM	7/17/11 11:42 AM	Dress
7/17/11 11:42 AM	7/17/11 11:56 AM	Groom
7/17/11 11:58 AM	7/17/11 11:58 AM	Drink
7/17/11 11:58 AM	7/17/11 11:58 AM	Leave_Home
7/17/11 1:34 PM	7/17/11 1:34 PM	Enter_Home
7/17/11 1:35 PM	7/17/11 1:38 PM	Phone
7/17/11 1:39 PM	7/17/11 1:39 PM	Leave_Home
7/17/11 1:51 PM	7/17/11 1:51 PM	Enter_Home
7/17/11 1:51 PM	7/17/11 1:53 PM	Toilet
7/17/11 1:53 PM	7/17/11 1:54 PM	Dress
7/17/11 1:54 PM	7/17/11 1:58 PM	Cook_Lunch
7/17/11 1:58 PM	7/17/11 2:19 PM	Eat_Lunch
7/17/11 2:19 PM	7/17/11 2:42 PM	Relax
7/17/11 2:43 PM	7/17/11 3:17 PM	Sleep_Out_Of_Bed
7/17/11 3:18 PM	7/17/11 3:21 PM	Work_At_Table
7/17/11 3:22 PM	7/17/11 3:24 PM	Toilet
7/17/11 3:25 PM	7/17/11 3:28 PM	Dress
7/17/11 3:28 PM	7/17/11 3:29 PM	Personal_Hygiene
7/17/11 3:29 PM	7/17/11 3:32 PM	Wash_Lunch_Dishes
7/17/11 3:33 PM	7/17/11 3:52 PM	Work_At_Table
7/17/11 3:57 PM	7/17/11 4:28 PM	Relax
7/17/11 4:28 PM	7/17/11 4:30 PM	Drink
7/17/11 4:32 PM	7/17/11 5:13 PM	Watch_TV
7/17/11 5:13 PM	7/17/11 5:16 PM	Cook_Dinner
7/17/11 5:16 PM	7/17/11 5:36 PM	Watch_TV
7/17/11 5:36 PM	7/17/11 5:37 PM	Personal_Hygiene
7/17/11 5:37 PM	7/17/11 5:45 PM	Work
7/17/11 5:45 PM	7/17/11 5:46 PM	Personal_Hygiene
7/17/11 5:46 PM	7/17/11 5:56 PM	Watch_TV
7/17/11 5:56 PM	7/17/11 5:59 PM	Cook_Dinner
7/17/11 6:00 PM	7/17/11 6:03 PM	Toilet
7/17/11 6:03 PM	7/17/11 6:10 PM	Cook_Dinner
7/17/11 6:10 PM	7/17/11 6:20 PM	Eat_Dinner
7/17/11 6:20 PM	7/17/11 6:22 PM	Wash_Dinner_Dishes
7/17/11 6:29 PM	7/17/11 6:30 PM	Toilet
7/17/11 6:31 PM	7/17/11 8:02 PM	Watch_TV
7/17/11 8:02 PM	7/17/11 8:04 PM	Wash_Dinner_Dishes
7/17/11 8:05 PM	7/17/11 8:10 PM	Drink
7/17/11 8:11 PM	7/17/11 8:11 PM	Personal_Hygiene
7/17/11 8:12 PM	7/17/11 8:14 PM	Toilet
7/17/11 8:15 PM	7/17/11 9:05 PM	Read
7/17/11 9:09 PM	7/17/11 9:19 PM	Personal_Hygiene
7/17/11 9:19 PM	7/17/11 9:19 PM	Dress
7/17/11 9:19 PM	7/17/11 9:22 PM	Groom
7/17/11 9:23 PM	7/17/11 9:23 PM	Personal_Hygiene
7/17/11 9:23 PM	7/17/11 9:43 PM	Groom
7/17/11 9:44 PM	7/18/11 2:46 AM	Sleep
7/18/11 2:46 AM	7/18/11 2:46 AM	Sleep
7/18/11 2:47 AM	7/18/11 2:48 AM	Bed_Toilet_Transition
7/18/11 2:49 AM	7/18/11 7:40 AM	Sleep
7/18/11 7:42 AM	7/18/11 7:45 AM	Toilet
7/18/11 7:45 AM	7/18/11 7:46 AM	Morning_Meds
7/18/11 7:48 AM	7/18/11 9:06 AM	Read
7/18/11 9:07 AM	7/18/11 9:09 AM	Personal_Hygiene
7/18/11 9:10 AM	7/18/11 9:33 AM	Work_At_Table
7/18/11 9:33 AM	7/18/11 9:42 AM	Cook_Breakfast
7/18/11 9:42 AM	7/18/11 9:42 AM	Eat_Breakfast
7/18/11 9:47 AM	7/18/11 9:56 AM	Wash_Breakfast_Dishes
7/18/11 9:56 AM	7/18/11 10:07 AM	Relax
7/18/11 10:19 AM	7/18/11 10:22 AM	Toilet
7/18/11 10:23 AM	7/18/11 10:27 AM	Personal_Hygiene
7/18/11 10:27 AM	7/18/11 10:40 AM	Bathe
7/18/11 10:40 AM	7/18/11 10:47 AM	Dress
7/18/11 10:47 AM	7/18/11 11:01 AM	Groom
7/18/11 11:02 AM	7/18/11 11:03 AM	Personal_Hygiene
7/18/11 11:03 AM	7/18/11 11:03 AM	Leave_Home
7/18/11 11:22 AM	7/18/11 11:23 AM	Enter_Home
7/18/11 11:23 AM	7/18/11 11:25 AM	Drink
7/18/11 11:27 AM	7/18/11 11:28 AM	Leave_Home
7/18/11 11:35 AM	7/18/11 11:36 AM	Enter_Home
7/18/11 11:37 AM	7/18/11 12:20 PM	Sleep_Out_Of_Bed
7/18/11 12:25 PM	7/18/11 12:33 PM	Cook_Lunch
7/18/11 12:33 PM	7/18/11 1:04 PM	Eat_Lunch
7/18/11 1:04 PM	7/18/11 1:08 PM	Wash_Lunch_Dishes
7/18/11 1:10 PM	7/18/11 1:25 PM	Personal_Hygiene
7/18/11 1:25 PM	7/18/11 1:26 PM	Take_Medicine
7/18/11 1:29 PM	7/18/11 1:30 PM	Drink
7/18/11 1:30 PM	7/18/11 1:32 PM	Toilet
7/18/11 1:33 PM	7/18/11 1:33 PM	Leave_Home
7/18/11 3:28 PM	7/18/11 3:28 PM	Enter_Home
7/18/11 3:30 PM	7/18/11 3:33 PM	Drink
7/18/11 3:35 PM	7/18/11 4:27 PM	Sleep_Out_Of_Bed
7/18/11 4:28 PM	7/18/11 4:32 PM	Drink
7/18/11 4:34 PM	7/18/11 4:40 PM	Personal_Hygiene
7/18/11 4:44 PM	7/18/11 4:44 PM	Leave_Home
7/18/11 5:53 PM	7/18/11 5:53 PM	Enter_Home
7/18/11 5:53 PM	7/18/11 5:55 PM	Cook_Dinner
7/18/11 5:56 PM	7/18/11 6:02 PM	Work
7/18/11 6:05 PM	7/18/11 6:05 PM	Personal_Hygiene
7/18/11 6:05 PM	7/18/11 6:13 PM	Cook_Dinner
7/18/11 6:13 PM	7/18/11 6:16 PM	Eat_Dinner
7/18/11 6:16 PM	7/18/11 6:17 PM	Cook_Dinner
7/18/11 6:17 PM	7/18/11 6:34 PM	Eat_Dinner
7/18/11 6:34 PM	7/18/11 6:36 PM	Wash_Dinner_Dishes
7/18/11 6:37 PM	7/18/11 8:22 PM	Watch_TV
7/18/11 8:23 PM	7/18/11 8:24 PM	Drink
7/18/11 8:25 PM	7/18/11 8:31 PM	Wash_Dinner_Dishes
7/18/11 8:32 PM	7/18/11 9:14 PM	Watch_TV
7/18/11 9:15 PM	7/18/11 9:25 PM	Dress
7/18/11 9:26 PM	7/18/11 9:46 PM	Personal_Hygiene
7/18/11 9:47 PM	7/18/11 9:55 PM	Groom
7/18/11 9:55 PM	7/19/11 7:13 AM	Sleep
7/19/11 12:10 AM	7/19/11 7:13 AM	Sleep
7/19/11 7:15 AM	7/19/11 7:19 AM	Toilet
7/19/11 7:19 AM	7/19/11 7:20 AM	Morning_Meds
7/19/11 7:22 AM	7/19/11 8:19 AM	Read
7/19/11 8:21 AM	7/19/11 10:52 AM	Sleep
7/19/11 10:54 AM	7/19/11 10:57 AM	Toilet
7/19/11 10:57 AM	7/19/11 11:03 AM	Dress
7/19/11 11:05 AM	7/19/11 11:10 AM	Cook_Breakfast
7/19/11 11:10 AM	7/19/11 11:43 AM	Eat_Breakfast
7/19/11 11:43 AM	7/19/11 11:45 AM	Wash_Breakfast_Dishes
7/19/11 11:45 AM	7/19/11 1:26 PM	Relax
7/19/11 1:26 PM	7/19/11 1:37 PM	Personal_Hygiene
7/19/11 1:37 PM	7/19/11 1:38 PM	Take_Medicine
7/19/11 1:38 PM	7/19/11 1:51 PM	Work
7/19/11 1:51 PM	7/19/11 1:51 PM	Personal_Hygiene
7/19/11 1:52 PM	7/19/11 2:13 PM	Relax
7/19/11 2:16 PM	7/19/11 2:23 PM	Wash_Breakfast_Dishes
7/19/11 2:24 PM	7/19/11 2:26 PM	Toilet
7/19/11 2:45 PM	7/19/11 3:00 PM	Entertain_Guests
7/19/11 3:01 PM	7/19/11 3:16 PM	Eat_Lunch
7/19/11 3:16 PM	7/19/11 3:18 PM	Drink
7/19/11 3:18 PM	7/19/11 5:31 PM	Sleep_Out_Of_Bed
7/19/11 5:33 PM	7/19/11 5:33 PM	Toilet
7/19/11 5:33 PM	7/19/11 5:36 PM	Personal_Hygiene
7/19/11 5:37 PM	7/19/11 5:38 PM	Drink
7/19/11 5:38 PM	7/19/11 5:39 PM	Toilet
7/19/11 5:39 PM	7/19/11 5:42 PM	Drink
7/19/11 5:43 PM	7/19/11 7:07 PM	Watch_TV
7/19/11 7:07 PM	7/19/11 7:22 PM	Cook_Dinner
7/19/11 7:22 PM	7/19/11 7:40 PM	Eat_Dinner
7/19/11 7:40 PM	7/19/11 7:44 PM	Wash_Dinner_Dishes
7/19/11 7:44 PM	7/19/11 8:08 PM	Watch_TV
7/19/11 8:08 PM	7/19/11 8:15 PM	Wash_Dinner_Dishes
7/19/11 8:15 PM	7/19/11 8:16 PM	Dress
7/19/11 8:17 PM	7/19/11 8:20 PM	Toilet
7/19/11 8:21 PM	7/19/11 8:28 PM	Wash_Dinner_Dishes
7/19/11 8:29 PM	7/19/11 8:30 PM	Personal_Hygiene
7/19/11 8:30 PM	7/19/11 8:35 PM	Wash_Dinner_Dishes
7/19/11 8:35 PM	7/19/11 8:36 PM	Personal_Hygiene
7/19/11 8:36 PM	7/19/11 8:37 PM	Toilet
7/19/11 8:38 PM	7/19/11 8:40 PM	Wash_Dishes
7/19/11 8:40 PM	7/19/11 9:00 PM	Personal_Hygiene
7/19/11 9:02 PM	7/19/11 9:04 PM	Dress
7/19/11 9:05 PM	7/19/11 9:25 PM	Groom
7/19/11 9:26 PM	7/20/11 4:15 AM	Sleep
7/20/11 1:44 AM	7/20/11 4:15 AM	Sleep
7/20/11 4:16 AM	7/20/11 4:19 AM	Bed_Toilet_Transition
7/20/11 4:19 AM	7/20/11 11:54 AM	Sleep
7/20/11 11:55 AM	7/20/11 11:58 AM	Toilet
7/20/11 11:58 AM	7/20/11 11:59 AM	Morning_Meds
7/20/11 11:59 AM	7/20/11 1:00 PM	Drink
7/20/11 1:00 PM	7/20/11 1:07 PM	Cook_Breakfast
7/20/11 1:07 PM	7/20/11 1:11 PM	Eat_Breakfast
7/20/11 1:11 PM	7/20/11 1:13 PM	Wash_Breakfast_Dishes
7/20/11 1:14 PM	7/20/11 2:00 PM	Toilet
7/20/11 2:01 PM	7/20/11 2:05 PM	Personal_Hygiene
7/20/11 2:06 PM	7/20/11 2:30 PM	Dress
7/20/11 2:30 PM	7/20/11 2:33 PM	Groom
7/20/11 2:34 PM	7/20/11 2:40 PM	Bathe
7/20/11 2:42 PM	7/20/11 2:48 PM	Dress
7/20/11 2:48 PM	7/20/11 2:56 PM	Groom
7/20/11 2:57 PM	7/20/11 3:50 PM	Personal_Hygiene
7/20/11 3:52 PM	7/20/11 4:07 PM	Cook
7/20/11 4:07 PM	7/20/11 4:08 PM	Toilet
7/20/11 4:09 PM	7/20/11 4:11 PM	Cook
7/20/11 4:14 PM	7/20/11 4:15 PM	Toilet
7/20/11 4:16 PM	7/20/11 4:16 PM	Cook
7/20/11 4:16 PM	7/20/11 4:25 PM	Eat
7/20/11 4:28 PM	7/20/11 4:29 PM	Wash_Dishes
7/20/11 4:31 PM	7/20/11 4:32 PM	Toilet
7/20/11 4:32 PM	7/20/11 4:32 PM	Leave_Home
7/20/11 4:40 PM	7/20/11 4:41 PM	Enter_Home
7/20/11 4:41 PM	7/20/11 7:16 PM	Sleep_Out_Of_Bed
7/20/11 7:18 PM	7/20/11 7:19 PM	Cook_Dinner
7/20/11 7:19 PM	7/20/11 8:22 PM	Toilet
7/20/11 8:23 PM	7/20/11 9:40 PM	Cook_Dinner
7/20/11 9:40 PM	7/20/11 9:59 PM	Eat_Dinner
7/20/11 9:59 PM	7/20/11 10:45 PM	Wash_Dinner_Dishes
7/20/11 10:45 PM	7/20/11 10:46 PM	Watch_TV
7/20/11 10:47 PM	7/20/11 11:30 PM	Personal_Hygiene
7/20/11 11:30 PM	7/20/11 11:31 PM	Dress
7/20/11 11:31 PM	7/20/11 11:32 PM	Personal_Hygiene
7/20/11 11:35 PM	7/21/11 1:26 AM	Read
7/21/2011 0:06	7/21/2011 3:37	Sleep
7/21/2011 3:38	7/21/2011 3:41	Bed_Toilet_Transition
7/21/2011 3:44	7/21/2011 8:45	Sleep
7/21/2011 8:46	7/21/2011 8:48	Toilet
7/21/2011 8:48	7/21/2011 8:49	Morning_Meds
7/21/2011 8:51	7/21/2011 8:52	Dress
7/21/2011 8:54	7/21/2011 9:48	Read
7/21/2011 9:48	7/21/2011 9:55	Toilet
7/21/2011 9:58	7/21/2011 10:02	Cook_Breakfast
7/21/2011 10:02	7/21/2011 10:26	Eat_Breakfast
7/21/2011 10:26	7/21/2011 10:28	Wash_Breakfast_Dishes
7/21/2011 10:29	7/21/2011 10:29	Relax
7/21/2011 10:35	7/21/2011 12:07	Sleep_Out_Of_Bed
7/21/2011 12:07	7/21/2011 12:09	Relax
7/21/2011 12:09	7/21/2011 12:13	Personal_Hygiene
7/21/2011 12:13	7/21/2011 12:14	Take_Medicine
7/21/2011 12:14	7/21/2011 12:40	Work
7/21/2011 12:40	7/21/2011 12:51	Bathe
7/21/2011 12:52	7/21/2011 12:58	Groom
7/21/2011 12:59	7/21/2011 13:01	Toilet
7/21/2011 13:01	7/21/2011 13:13	Cook_Lunch
7/21/2011 13:13	7/21/2011 13:36	Eat_Lunch
7/21/2011 13:36	7/21/2011 13:39	Wash_Lunch_Dishes
7/21/2011 13:42	7/21/2011 13:42	Sleep_Out_Of_Bed
7/21/2011 15:21	7/21/2011 16:04	Relax
7/21/2011 16:05	7/21/2011 16:07	Toilet
7/21/2011 16:08	7/21/2011 16:17	Personal_Hygiene
7/21/2011 16:19	7/21/2011 16:21	Drink
7/21/2011 16:45	7/21/2011 17:28	Personal_Hygiene
7/21/2011 17:28	7/21/2011 17:43	Watch_TV
7/21/2011 17:43	7/21/2011 17:43	Leave_Home
7/21/2011 17:51	7/21/2011 17:51	Enter_Home
7/21/2011 17:53	7/21/2011 17:54	Drink
7/21/2011 17:55	7/21/2011 18:01	Cook_Dinner
7/21/2011 18:01	7/21/2011 18:13	Eat_Dinner
7/21/2011 18:13	7/21/2011 18:14	Wash_Dinner_Dishes
7/21/2011 18:17	7/21/2011 18:45	Watch_TV
7/21/2011 18:46	7/21/2011 18:47	Wash_Dinner_Dishes
7/21/2011 18:51	7/21/2011 18:57	Dress
7/21/2011 18:58	7/21/2011 19:10	Personal_Hygiene
7/21/2011 19:10	7/21/2011 19:11	Dress
7/21/2011 19:11	7/21/2011 19:12	Leave_Home
7/21/2011 20:41	7/21/2011 20:41	Enter_Home
7/21/2011 20:43	7/21/2011 20:45	Dress
7/21/2011 20:57	7/21/2011 21:02	Work_At_Table
7/21/2011 21:05	7/21/2011 21:09	Cook
7/21/2011 21:10	7/21/2011 21:14	Eat
7/21/2011 21:20	7/21/2011 21:43	Watch_TV
7/21/2011 21:43	7/21/2011 21:48	Wash_Dishes
7/21/2011 21:48	7/21/2011 22:42	Watch_TV
7/21/2011 22:54	7/21/2011 23:19	Personal_Hygiene
7/22/11 12:17 AM	7/22/11 4:02 AM	Sleep
7/22/11 4:03 AM	7/22/11 4:05 AM	Bed_Toilet_Transition
7/22/11 4:05 AM	7/22/11 8:21 AM	Sleep
7/22/11 8:21 AM	7/22/11 8:24 AM	Toilet
7/22/11 8:24 AM	7/22/11 8:25 AM	Morning_Meds
7/22/11 8:26 AM	7/22/11 9:07 AM	Read
7/22/11 9:07 AM	7/22/11 9:17 AM	Work_At_Table
7/22/11 9:22 AM	7/22/11 9:23 AM	Drink
7/22/11 9:24 AM	7/22/11 9:31 AM	Wash_Dishes
7/22/11 9:34 AM	7/22/11 9:34 AM	Personal_Hygiene
7/22/11 9:35 AM	7/22/11 9:38 AM	Dress
7/22/11 9:39 AM	7/22/11 9:44 AM	Personal_Hygiene
7/22/11 9:46 AM	7/22/11 9:47 AM	Toilet
7/22/11 9:48 AM	7/22/11 10:09 AM	Personal_Hygiene
7/22/11 10:09 AM	7/22/11 10:17 AM	Dress
7/22/11 10:17 AM	7/22/11 10:18 AM	Personal_Hygiene
7/22/11 10:18 AM	7/22/11 10:28 AM	Groom
7/22/11 10:32 AM	7/22/11 10:32 AM	Leave_Home
7/22/11 12:54 PM	7/22/11 12:54 PM	Enter_Home
7/22/11 12:55 PM	7/22/11 12:59 PM	Toilet
7/22/11 1:01 PM	7/22/11 1:10 PM	Cook_Lunch
7/22/11 1:10 PM	7/22/11 1:24 PM	Eat_Lunch
7/22/11 1:24 PM	7/22/11 1:24 PM	Wash_Lunch_Dishes
7/22/11 1:25 PM	7/22/11 1:28 PM	Dress
7/22/11 1:29 PM	7/22/11 1:30 PM	Take_Medicine
7/22/11 1:30 PM	7/22/11 1:42 PM	Personal_Hygiene
7/22/11 1:43 PM	7/22/11 1:43 PM	Leave_Home
7/22/11 3:58 PM	7/22/11 3:59 PM	Enter_Home
7/22/11 3:59 PM	7/22/11 4:23 PM	Relax
7/22/11 4:25 PM	7/22/11 5:14 PM	Sleep_Out_Of_Bed
7/22/11 5:16 PM	7/22/11 5:31 PM	Watch_TV
7/22/11 5:32 PM	7/22/11 5:34 PM	Toilet
7/22/11 5:39 PM	7/22/11 5:40 PM	Personal_Hygiene
7/22/11 5:40 PM	7/22/11 5:51 PM	Cook_Dinner
7/22/11 5:51 PM	7/22/11 6:08 PM	Watch_TV
7/22/11 6:09 PM	7/22/11 6:09 PM	Cook_Dinner
7/22/11 6:09 PM	7/22/11 7:07 PM	Watch_TV
7/22/11 7:07 PM	7/22/11 7:17 PM	Cook_Dinner
7/22/11 7:17 PM	7/22/11 7:18 PM	Toilet
7/22/11 7:19 PM	7/22/11 7:24 PM	Cook_Dinner
7/22/11 7:26 PM	7/22/11 7:26 PM	Personal_Hygiene
7/22/11 7:26 PM	7/22/11 7:30 PM	Cook_Dinner
7/22/11 7:30 PM	7/22/11 7:45 PM	Eat_Dinner
7/22/11 7:45 PM	7/22/11 7:47 PM	Wash_Dinner_Dishes
7/22/11 7:47 PM	7/22/11 8:22 PM	Watch_TV
7/22/11 8:24 PM	7/22/11 8:27 PM	Dress
7/22/11 8:28 PM	7/22/11 8:30 PM	Drink
7/22/11 8:36 PM	7/22/11 8:55 PM	Wash_Dinner_Dishes
7/22/11 8:56 PM	7/22/11 8:57 PM	Dress
7/22/11 8:58 PM	7/22/11 9:03 PM	Personal_Hygiene
7/22/11 9:04 PM	7/22/11 9:07 PM	Drink
7/22/11 9:07 PM	7/22/11 9:10 PM	Personal_Hygiene
7/22/11 9:11 PM	7/22/11 9:12 PM	Toilet
7/22/11 9:12 PM	7/22/11 10:06 PM	Read
7/22/11 10:07 PM	7/22/11 10:11 PM	Dress
7/22/11 10:11 PM	7/22/11 10:24 PM	Personal_Hygiene
7/22/11 10:25 PM	7/22/11 10:35 PM	Groom
7/22/11 10:35 PM	7/22/11 10:43 PM	Personal_Hygiene
7/22/11 10:45 PM	7/23/11 4:58 AM	Sleep
7/23/11 12:04 AM	7/23/11 4:58 AM	Sleep
7/23/11 4:58 AM	7/23/11 5:01 AM	Bed_Toilet_Transition
7/23/11 5:02 AM	7/23/11 9:26 AM	Sleep
7/23/11 9:26 AM	7/23/11 9:29 AM	Toilet
7/23/11 9:29 AM	7/23/11 9:30 AM	Morning_Meds
7/23/11 9:31 AM	7/23/11 10:46 AM	Read
7/23/11 10:51 AM	7/23/11 10:55 AM	Toilet
7/23/11 10:55 AM	7/23/11 10:57 AM	Dress
7/23/11 10:58 AM	7/23/11 11:34 AM	Work_At_Table
7/23/11 11:35 AM	7/23/11 11:51 AM	Cook_Breakfast
7/23/11 11:51 AM	7/23/11 12:01 PM	Eat_Breakfast
7/23/11 12:01 PM	7/23/11 12:04 PM	Wash_Breakfast_Dishes
7/23/11 12:04 PM	7/23/11 12:05 PM	Drink
7/23/11 12:06 PM	7/23/11 1:22 PM	Relax
7/23/11 1:22 PM	7/23/11 1:25 PM	Toilet
7/23/11 1:25 PM	7/23/11 1:44 PM	Relax
7/23/11 1:46 PM	7/23/11 1:52 PM	Work_At_Table
7/23/11 1:54 PM	7/23/11 1:55 PM	Dress
7/23/11 1:56 PM	7/23/11 2:08 PM	Relax
7/23/11 2:10 PM	7/23/11 3:08 PM	Sleep_Out_Of_Bed
7/23/11 3:08 PM	7/23/11 3:11 PM	Toilet
7/23/11 3:11 PM	7/23/11 3:11 PM	Personal_Hygiene
7/23/11 3:11 PM	7/23/11 3:35 PM	Work
7/23/11 3:35 PM	7/23/11 3:46 PM	Personal_Hygiene
7/23/11 3:49 PM	7/23/11 3:50 PM	Dress
7/23/11 3:53 PM	7/23/11 3:53 PM	Personal_Hygiene
7/23/11 3:53 PM	7/23/11 3:58 PM	Work
7/23/11 4:04 PM	7/23/11 4:25 PM	Personal_Hygiene
7/23/11 4:26 PM	7/23/11 4:33 PM	Groom
7/23/11 4:33 PM	7/23/11 4:37 PM	Dress
7/23/11 4:38 PM	7/23/11 4:52 PM	Groom
7/23/11 4:52 PM	7/23/11 4:54 PM	Dress
7/23/11 4:57 PM	7/23/11 4:57 PM	Personal_Hygiene
7/23/11 4:58 PM	7/23/11 4:58 PM	Leave_Home
7/23/11 5:08 PM	7/23/11 5:08 PM	Enter_Home
7/23/11 5:10 PM	7/23/11 5:12 PM	Drink
7/23/11 5:13 PM	7/23/11 6:46 PM	Watch_TV
7/23/11 6:46 PM	7/23/11 7:17 PM	Cook_Dinner
7/23/11 7:17 PM	7/23/11 7:20 PM	Eat_Dinner
7/23/11 7:20 PM	7/23/11 7:21 PM	Cook_Dinner
7/23/11 7:21 PM	7/23/11 7:37 PM	Eat_Dinner
7/23/11 7:37 PM	7/23/11 8:16 PM	Watch_TV
7/23/11 8:17 PM	7/23/11 8:31 PM	Wash_Dinner_Dishes
7/23/11 8:31 PM	7/23/11 8:34 PM	Toilet
7/23/11 8:34 PM	7/23/11 8:36 PM	Personal_Hygiene
7/23/11 8:38 PM	7/23/11 8:39 PM	Drink
7/23/11 8:39 PM	7/23/11 8:40 PM	Leave_Home
7/23/11 8:46 PM	7/23/11 8:47 PM	Enter_Home
7/23/11 8:47 PM	7/23/11 9:16 PM	Work_At_Table
7/23/11 9:31 PM	7/23/11 9:44 PM	Dress
7/23/11 9:49 PM	7/23/11 10:28 PM	Read
7/23/11 10:36 PM	7/23/11 11:06 PM	Groom
7/23/11 11:07 PM	7/24/11 4:10 AM	Sleep
7/24/11 12:07 AM	7/24/11 4:10 AM	Sleep
7/24/11 4:11 AM	7/24/11 4:16 AM	Bed_Toilet_Transition
7/24/11 4:18 AM	7/24/11 7:17 AM	Sleep
7/24/11 7:18 AM	7/24/11 7:29 AM	Personal_Hygiene
7/24/11 7:31 AM	7/24/11 7:32 AM	Morning_Meds
7/24/11 7:34 AM	7/24/11 9:48 AM	Read
7/24/11 9:48 AM	7/24/11 11:03 AM	Sleep
7/24/11 11:05 AM	7/24/11 11:09 AM	Toilet
7/24/11 11:10 AM	7/24/11 11:17 AM	Cook_Breakfast
7/24/11 11:18 AM	7/24/11 11:34 AM	Personal_Hygiene
7/24/11 11:35 AM	7/24/11 11:49 AM	Bathe
7/24/11 11:49 AM	7/24/11 11:58 AM	Dress
7/24/11 11:58 AM	7/24/11 11:59 AM	Take_Medicine
7/24/11 12:01 PM	7/24/11 12:07 PM	Groom
7/24/11 12:08 PM	7/24/11 12:20 PM	Cook_Breakfast
7/24/11 12:20 PM	7/24/11 12:27 PM	Eat_Breakfast
7/24/11 12:27 PM	7/24/11 12:35 PM	Wash_Breakfast_Dishes
7/24/11 12:35 PM	7/24/11 1:07 PM	Relax
7/24/11 1:29 PM	7/24/11 1:37 PM	Toilet
7/24/11 1:37 PM	7/24/11 1:37 PM	Personal_Hygiene
7/24/11 1:37 PM	7/24/11 1:38 PM	Dress
7/24/11 1:38 PM	7/24/11 1:43 PM	Step_Out
7/24/11 1:43 PM	7/24/11 1:47 PM	Cook_Lunch
7/24/11 1:47 PM	7/24/11 2:54 PM	Eat_Lunch
7/24/11 2:54 PM	7/24/11 2:57 PM	Step_Out
7/24/11 2:58 PM	7/24/11 3:03 PM	Toilet
7/24/11 3:07 PM	7/24/11 3:12 PM	Dress
7/24/11 3:13 PM	7/24/11 3:13 PM	Personal_Hygiene
7/24/11 3:26 PM	7/24/11 3:35 PM	Relax
7/24/11 3:49 PM	7/24/11 4:02 PM	Phone
7/24/11 4:04 PM	7/24/11 4:26 PM	Relax
7/24/11 4:26 PM	7/24/11 4:29 PM	Drink
7/24/11 4:29 PM	7/24/11 5:19 PM	Watch_TV
7/24/11 5:19 PM	7/24/11 5:20 PM	Cook_Dinner
7/24/11 5:21 PM	7/24/11 5:21 PM	Toilet
7/24/11 5:21 PM	7/24/11 5:23 PM	Cook_Dinner
7/24/11 5:23 PM	7/24/11 5:35 PM	Watch_TV
7/24/11 5:39 PM	7/24/11 5:40 PM	Toilet
7/24/11 5:58 PM	7/24/11 6:15 PM	Relax
7/24/11 6:31 PM	7/24/11 6:32 PM	Personal_Hygiene
7/24/11 6:33 PM	7/24/11 6:39 PM	Cook_Dinner
7/24/11 6:39 PM	7/24/11 6:42 PM	Step_Out
7/24/11 6:43 PM	7/24/11 6:57 PM	Cook_Dinner
7/24/11 6:57 PM	7/24/11 7:11 PM	Eat_Dinner
7/24/11 7:11 PM	7/24/11 8:02 PM	Watch_TV
7/24/11 8:03 PM	7/24/11 8:18 PM	Wash_Dinner_Dishes
7/24/11 8:19 PM	7/24/11 8:21 PM	Phone
7/24/11 8:21 PM	7/24/11 8:25 PM	Dress
7/24/11 8:25 PM	7/24/11 8:42 PM	Personal_Hygiene
7/24/11 8:47 PM	7/24/11 8:57 PM	Read
7/24/11 9:02 PM	7/24/11 9:11 PM	Phone
7/24/11 9:13 PM	7/24/11 9:20 PM	Dress
7/24/11 9:20 PM	7/24/11 9:32 PM	Personal_Hygiene
7/24/11 9:32 PM	7/24/11 9:41 PM	Groom
7/24/11 9:42 PM	7/25/11 9:10 AM	Sleep
7/25/11 1:17 AM	7/25/11 9:10 AM	Sleep
7/25/11 9:11 AM	7/25/11 9:13 AM	Toilet
7/25/11 9:13 AM	7/25/11 9:14 AM	Morning_Meds
7/25/11 9:17 AM	7/25/11 9:54 AM	Read
7/25/11 9:56 AM	7/25/11 9:56 AM	Drink
7/25/11 9:56 AM	7/25/11 10:08 AM	Work_At_Table
7/25/11 10:21 AM	7/25/11 10:21 AM	Personal_Hygiene
7/25/11 10:21 AM	7/25/11 10:28 AM	Toilet
7/25/11 10:28 AM	7/25/11 10:37 AM	Dress
7/25/11 10:45 AM	7/25/11 10:45 AM	Personal_Hygiene
7/25/11 10:46 AM	7/25/11 10:54 AM	Groom
7/25/11 11:01 AM	7/25/11 11:06 AM	Dress
7/25/11 11:06 AM	7/25/11 11:09 AM	Groom
7/25/11 11:09 AM	7/25/11 11:22 AM	Personal_Hygiene
7/25/11 11:30 AM	7/25/11 11:30 AM	Leave_Home
7/25/11 12:08 PM	7/25/11 12:08 PM	Enter_Home
7/25/11 12:10 PM	7/25/11 12:22 PM	Step_Out
7/25/11 12:23 PM	7/25/11 12:29 PM	Cook_Lunch
7/25/11 12:29 PM	7/25/11 12:46 PM	Eat_Lunch
7/25/11 12:46 PM	7/25/11 12:48 PM	Wash_Lunch_Dishes
7/25/11 12:48 PM	7/25/11 12:51 PM	Phone
7/25/11 12:52 PM	7/25/11 1:02 PM	Personal_Hygiene
7/25/11 1:02 PM	7/25/11 1:03 PM	Take_Medicine
7/25/11 1:08 PM	7/25/11 1:10 PM	Leave_Home
7/25/11 1:22 PM	7/25/11 1:22 PM	Enter_Home
7/25/11 1:22 PM	7/25/11 1:25 PM	Personal_Hygiene
7/25/11 1:28 PM	7/25/11 1:29 PM	Drink
7/25/11 1:29 PM	7/25/11 1:30 PM	Toilet
7/25/11 1:36 PM	7/25/11 1:38 PM	Work_At_Table
7/25/11 1:53 PM	7/25/11 2:00 PM	Wash_Dishes
7/25/11 2:01 PM	7/25/11 3:01 PM	Entertain_Guests
7/25/11 3:02 PM	7/25/11 3:55 PM	Relax
7/25/11 3:56 PM	7/25/11 3:56 PM	Leave_Home
7/25/11 4:01 PM	7/25/11 4:01 PM	Enter_Home
7/25/11 4:02 PM	7/25/11 4:38 PM	Relax
7/25/11 4:38 PM	7/25/11 4:40 PM	Step_Out
7/25/11 4:41 PM	7/25/11 4:41 PM	Personal_Hygiene
7/25/11 4:41 PM	7/25/11 4:43 PM	Drink
7/25/11 4:46 PM	7/25/11 4:47 PM	Toilet
7/25/11 4:47 PM	7/25/11 5:10 PM	Watch_TV
7/25/11 5:10 PM	7/25/11 5:12 PM	Step_Out
7/25/11 5:14 PM	7/25/11 5:19 PM	Toilet
7/25/11 5:28 PM	7/25/11 5:45 PM	Watch_TV
7/25/11 5:50 PM	7/25/11 6:16 PM	Cook_Dinner
7/25/11 6:17 PM	7/25/11 6:33 PM	Eat_Dinner
7/25/11 6:33 PM	7/25/11 6:52 PM	Wash_Dinner_Dishes
7/25/11 6:52 PM	7/25/11 8:03 PM	Watch_TV
7/25/11 8:04 PM	7/25/11 8:05 PM	Drink
7/25/11 8:08 PM	7/25/11 8:12 PM	Dress
7/25/11 8:12 PM	7/25/11 8:17 PM	Work
7/25/11 8:20 PM	7/25/11 8:25 PM	Phone
7/25/11 8:29 PM	7/25/11 9:02 PM	Personal_Hygiene
7/25/11 9:03 PM	7/26/11 1:43 AM	Sleep
7/26/11 12:08 AM	7/26/11 1:43 AM	Sleep
7/26/11 1:44 AM	7/26/11 1:47 AM	Bed_Toilet_Transition
7/26/11 1:48 AM	7/26/11 2:50 AM	Sleep
7/26/11 2:51 AM	7/26/11 2:57 AM	Cook
7/26/11 2:57 AM	7/26/11 3:07 AM	Eat
7/26/11 3:07 AM	7/26/11 3:09 AM	Toilet
7/26/11 3:09 AM	7/26/11 8:39 AM	Sleep
7/26/11 8:40 AM	7/26/11 8:42 AM	Toilet
7/26/11 8:42 AM	7/26/11 8:43 AM	Morning_Meds
7/26/11 8:45 AM	7/26/11 10:38 AM	Read
7/26/11 10:40 AM	7/26/11 10:43 AM	Toilet
7/26/11 10:43 AM	7/26/11 10:49 AM	Dress
7/26/11 10:49 AM	7/26/11 10:49 AM	Personal_Hygiene
7/26/11 10:50 AM	7/26/11 11:04 AM	Cook_Breakfast
7/26/11 11:04 AM	7/26/11 11:20 AM	Eat_Breakfast
7/26/11 11:20 AM	7/26/11 11:21 AM	Drink
7/26/11 11:21 AM	7/26/11 11:41 AM	Eat_Breakfast
7/26/11 11:42 AM	7/26/11 11:47 AM	Personal_Hygiene
7/26/11 11:49 AM	7/26/11 11:50 AM	Take_Medicine
7/26/11 11:52 AM	7/26/11 11:54 AM	Drink
7/26/11 11:55 AM	7/26/11 2:16 PM	Relax
7/26/11 2:17 PM	7/26/11 2:20 PM	Toilet
7/26/11 2:21 PM	7/26/11 2:55 PM	Relax
7/26/11 2:55 PM	7/26/11 3:01 PM	Toilet
7/26/11 3:02 PM	7/26/11 3:10 PM	Cook_Lunch
7/26/11 3:10 PM	7/26/11 3:23 PM	Eat_Lunch
7/26/11 3:23 PM	7/26/11 3:24 PM	Wash_Lunch_Dishes
7/26/11 3:28 PM	7/26/11 3:29 PM	Dress
7/26/11 3:29 PM	7/26/11 3:29 PM	Personal_Hygiene
7/26/11 3:31 PM	7/26/11 3:35 PM	Toilet
7/26/11 3:35 PM	7/26/11 4:03 PM	Personal_Hygiene
7/26/11 4:05 PM	7/26/11 4:05 PM	Leave_Home
7/26/11 4:53 PM	7/26/11 4:53 PM	Enter_Home
7/26/11 4:53 PM	7/26/11 4:53 PM	Dress
7/26/11 4:53 PM	7/26/11 4:58 PM	Drink
7/26/11 5:01 PM	7/26/11 5:06 PM	Work
7/26/11 5:07 PM	7/26/11 6:44 PM	Watch_TV
7/26/11 6:44 PM	7/26/11 6:58 PM	Cook_Dinner
7/26/11 6:58 PM	7/26/11 7:12 PM	Eat_Dinner
7/26/11 7:12 PM	7/26/11 7:19 PM	Wash_Dinner_Dishes
7/26/11 7:19 PM	7/26/11 9:17 PM	Watch_TV
7/26/11 9:17 PM	7/26/11 9:24 PM	Wash_Dinner_Dishes
7/26/11 9:25 PM	7/26/11 9:25 PM	Drink
7/26/11 9:26 PM	7/26/11 9:41 PM	Toilet
7/26/11 9:58 PM	7/26/11 10:00 PM	Dress
7/26/11 10:01 PM	7/26/11 10:27 PM	Personal_Hygiene
7/26/11 10:27 PM	7/26/11 10:37 PM	Groom
7/26/11 10:38 PM	7/27/11 8:10 AM	Sleep
7/27/11 12:13 AM	7/27/11 8:10 AM	Sleep
7/27/11 8:11 AM	7/27/11 8:14 AM	Toilet
7/27/11 8:14 AM	7/27/11 8:15 AM	Morning_Meds
7/27/11 8:17 AM	7/27/11 8:55 AM	Read
7/27/11 8:55 AM	7/27/11 10:00 AM	Sleep
7/27/11 10:01 AM	7/27/11 10:07 AM	Toilet
7/27/11 10:07 AM	7/27/11 10:11 AM	Dress
7/27/11 10:14 AM	7/27/11 10:15 AM	Drink
7/27/11 10:16 AM	7/27/11 10:41 AM	Work_At_Table
7/27/11 10:42 AM	7/27/11 10:50 AM	Cook_Breakfast
7/27/11 10:51 AM	7/27/11 10:55 AM	Eat_Breakfast
7/27/11 10:55 AM	7/27/11 10:56 AM	Drink
7/27/11 10:56 AM	7/27/11 11:01 AM	Eat_Breakfast
7/27/11 11:01 AM	7/27/11 11:05 AM	Drink
7/27/11 11:05 AM	7/27/11 12:16 PM	Read
7/27/11 12:19 PM	7/27/11 12:21 PM	Toilet
7/27/11 12:22 PM	7/27/11 12:22 PM	Take_Medicine
7/27/11 12:22 PM	7/27/11 1:17 PM	Relax
7/27/11 1:18 PM	7/27/11 1:19 PM	Drink
7/27/11 1:19 PM	7/27/11 1:32 PM	Work_At_Table
7/27/11 1:32 PM	7/27/11 1:34 PM	Drink
7/27/11 1:37 PM	7/27/11 1:39 PM	Wash_Dishes
7/27/11 1:39 PM	7/27/11 1:41 PM	Toilet
7/27/11 1:45 PM	7/27/11 1:46 PM	Wash_Dishes
7/27/11 1:49 PM	7/27/11 1:50 PM	Personal_Hygiene
7/27/11 1:51 PM	7/27/11 1:53 PM	Toilet
7/27/11 2:01 PM	7/27/11 2:02 PM	Personal_Hygiene
7/27/11 2:02 PM	7/27/11 2:15 PM	Work_At_Table
7/27/11 2:21 PM	7/27/11 3:20 PM	Relax
7/27/11 3:20 PM	7/27/11 3:28 PM	Cook_Lunch
7/27/11 3:28 PM	7/27/11 3:43 PM	Eat_Lunch
7/27/11 3:43 PM	7/27/11 3:44 PM	Wash_Lunch_Dishes
7/27/11 3:46 PM	7/27/11 3:52 PM	Personal_Hygiene
7/27/11 3:53 PM	7/27/11 4:02 PM	Work
7/27/11 4:02 PM	7/27/11 4:08 PM	Toilet
7/27/11 4:09 PM	7/27/11 4:16 PM	Bathe
7/27/11 4:16 PM	7/27/11 4:24 PM	Groom
7/27/11 4:24 PM	7/27/11 4:35 PM	Dress
7/27/11 4:35 PM	7/27/11 4:47 PM	Groom
7/27/11 4:50 PM	7/27/11 4:50 PM	Personal_Hygiene
7/27/11 4:53 PM	7/27/11 4:58 PM	Step_Out
7/27/11 4:58 PM	7/27/11 4:59 PM	Leave_Home
7/27/11 7:12 PM	7/27/11 7:12 PM	Enter_Home
7/27/11 7:12 PM	7/27/11 7:14 PM	Dress
7/27/11 7:15 PM	7/27/11 7:15 PM	Leave_Home
7/27/11 7:23 PM	7/27/11 7:24 PM	Enter_Home
7/27/11 7:24 PM	7/27/11 7:27 PM	Phone
7/27/11 7:35 PM	7/27/11 7:45 PM	Personal_Hygiene
7/27/11 7:45 PM	7/27/11 7:50 PM	Dress
7/27/11 7:51 PM	7/27/11 7:53 PM	Drink
7/27/11 7:55 PM	7/27/11 8:09 PM	Personal_Hygiene
7/27/11 8:10 PM	7/27/11 9:01 PM	Watch_TV
7/27/11 9:02 PM	7/27/11 9:03 PM	Drink
7/27/11 9:03 PM	7/27/11 9:12 PM	Work
7/27/11 9:17 PM	7/27/11 9:42 PM	Personal_Hygiene
7/27/11 9:42 PM	7/27/11 9:46 PM	Groom
7/27/11 9:46 PM	7/28/11 7:59 AM	Sleep
7/28/11 4:14 AM	7/28/11 7:59 AM	Sleep
7/28/11 8:00 AM	7/28/11 8:03 AM	Toilet
7/28/11 8:03 AM	7/28/11 8:04 AM	Morning_Meds
7/28/11 8:08 AM	7/28/11 8:33 AM	Read
7/28/11 8:33 AM	7/28/11 8:35 AM	Drink
7/28/11 8:36 AM	7/28/11 8:42 AM	Wash_Dishes
7/28/11 8:48 AM	7/28/11 8:55 AM	Groom
7/28/11 8:55 AM	7/28/11 8:58 AM	Personal_Hygiene
7/28/11 8:58 AM	7/28/11 9:00 AM	Dress
7/28/11 9:00 AM	7/28/11 9:06 AM	Groom
7/28/11 9:12 AM	7/28/11 9:24 AM	Bathe
7/28/11 9:24 AM	7/28/11 9:27 AM	Dress
7/28/11 9:28 AM	7/28/11 9:28 AM	Leave_Home
7/28/11 12:30 PM	7/28/11 12:30 PM	Enter_Home
7/28/11 12:33 PM	7/28/11 12:34 PM	Dress
7/28/11 12:35 PM	7/28/11 12:36 PM	Drink
7/28/11 12:37 PM	7/28/11 12:38 PM	Take_Medicine
7/28/11 12:40 PM	7/28/11 12:42 PM	Cook_Lunch
7/28/11 12:43 PM	7/28/11 12:43 PM	Toilet
7/28/11 12:44 PM	7/28/11 12:48 PM	Cook_Lunch
7/28/11 12:50 PM	7/28/11 12:51 PM	Toilet
7/28/11 12:52 PM	7/28/11 12:55 PM	Cook_Lunch
7/28/11 12:55 PM	7/28/11 1:28 PM	Eat_Lunch
7/28/11 1:28 PM	7/28/11 1:30 PM	Wash_Lunch_Dishes
7/28/11 1:35 PM	7/28/11 1:38 PM	Work_At_Table
7/28/11 1:41 PM	7/28/11 1:42 PM	Toilet
7/28/11 1:45 PM	7/28/11 3:45 PM	Relax
7/28/11 3:48 PM	7/28/11 3:49 PM	Toilet
7/28/11 3:50 PM	7/28/11 4:02 PM	Personal_Hygiene
7/28/11 4:05 PM	7/28/11 4:05 PM	Leave_Home
7/28/11 4:44 PM	7/28/11 4:44 PM	Enter_Home
7/28/11 4:44 PM	7/28/11 4:46 PM	Drink
7/28/11 4:46 PM	7/28/11 4:47 PM	Leave_Home
7/28/11 4:52 PM	7/28/11 4:52 PM	Enter_Home
7/28/11 4:53 PM	7/28/11 4:54 PM	Drink
7/28/11 4:56 PM	7/28/11 5:54 PM	Watch_TV
7/28/11 5:57 PM	7/28/11 6:00 PM	Toilet
7/28/11 6:00 PM	7/28/11 6:01 PM	Personal_Hygiene
7/28/11 6:02 PM	7/28/11 6:15 PM	Cook_Dinner
7/28/11 6:16 PM	7/28/11 6:43 PM	Eat_Dinner
7/28/11 6:43 PM	7/28/11 6:45 PM	Wash_Dinner_Dishes
7/28/11 6:45 PM	7/28/11 6:56 PM	Relax
7/28/11 6:56 PM	7/28/11 8:04 PM	Sleep_Out_Of_Bed
7/28/11 8:04 PM	7/28/11 8:12 PM	Wash_Dinner_Dishes
7/28/11 8:13 PM	7/28/11 8:13 PM	Dress
7/28/11 8:13 PM	7/28/11 8:21 PM	Personal_Hygiene
7/28/11 8:22 PM	7/28/11 8:27 PM	Wash_Dinner_Dishes
7/28/11 8:27 PM	7/28/11 8:28 PM	Toilet
7/28/11 8:28 PM	7/28/11 8:35 PM	Wash_Dinner_Dishes
7/28/11 8:35 PM	7/28/11 8:37 PM	Toilet
7/28/11 8:40 PM	7/28/11 8:42 PM	Wash_Dinner_Dishes
7/28/11 8:42 PM	7/28/11 8:45 PM	Toilet
7/28/11 8:46 PM	7/28/11 8:48 PM	Personal_Hygiene
7/28/11 8:50 PM	7/28/11 8:50 PM	Drink
7/28/11 8:51 PM	7/28/11 8:52 PM	Toilet
7/28/11 8:58 PM	7/28/11 9:08 PM	Dress
7/28/11 9:09 PM	7/28/11 9:40 PM	Personal_Hygiene
7/28/11 9:41 PM	7/29/11 3:30 AM	Sleep
7/29/11 12:18 AM	7/29/11 3:30 AM	Sleep
7/29/11 3:30 AM	7/29/11 3:33 AM	Bed_Toilet_Transition
7/29/11 3:34 AM	7/29/11 6:23 AM	Sleep
7/29/11 6:24 AM	7/29/11 6:26 AM	Bed_Toilet_Transition
7/29/11 6:26 AM	7/29/11 8:43 AM	Sleep
7/29/11 8:44 AM	7/29/11 8:46 AM	Toilet
7/29/11 8:46 AM	7/29/11 8:46 AM	Morning_Meds
7/29/11 8:47 AM	7/29/11 8:53 AM	Personal_Hygiene
7/29/11 8:54 AM	7/29/11 9:22 AM	Read
7/29/11 9:22 AM	7/29/11 10:51 AM	Sleep_Out_Of_Bed
7/29/11 10:52 AM	7/29/11 11:00 AM	Cook_Breakfast
7/29/11 11:00 AM	7/29/11 11:12 AM	Eat_Breakfast
7/29/11 11:12 AM	7/29/11 11:13 AM	Drink
7/29/11 11:14 AM	7/29/11 11:41 AM	Work_At_Table
7/29/11 11:42 AM	7/29/11 11:45 AM	Toilet
7/29/11 11:47 AM	7/29/11 11:47 AM	Drink
7/29/11 11:47 AM	7/29/11 11:56 AM	Work_At_Table
7/29/11 11:56 AM	7/29/11 11:58 AM	Wash_Dishes
7/29/11 11:58 AM	7/29/11 12:27 PM	Relax
7/29/11 12:28 PM	7/29/11 12:42 PM	Personal_Hygiene
7/29/11 12:43 PM	7/29/11 12:44 PM	Take_Medicine
7/29/11 12:44 PM	7/29/11 1:37 PM	Relax
7/29/11 1:37 PM	7/29/11 1:39 PM	Work_At_Table
7/29/11 1:39 PM	7/29/11 1:41 PM	Phone
7/29/11 1:42 PM	7/29/11 1:43 PM	Personal_Hygiene
7/29/11 1:43 PM	7/29/11 1:53 PM	Work
7/29/11 1:53 PM	7/29/11 1:58 PM	Personal_Hygiene
7/29/11 1:58 PM	7/29/11 2:02 PM	Dress
7/29/11 2:03 PM	7/29/11 3:08 PM	Personal_Hygiene
7/29/11 3:14 PM	7/29/11 3:16 PM	Drink
7/29/11 3:19 PM	7/29/11 4:32 PM	Sleep_Out_Of_Bed
7/29/11 4:34 PM	7/29/11 4:43 PM	Phone
7/29/11 4:43 PM	7/29/11 4:44 PM	Toilet
7/29/11 4:46 PM	7/29/11 4:46 PM	Leave_Home
7/29/11 4:55 PM	7/29/11 4:56 PM	Enter_Home
7/29/11 4:56 PM	7/29/11 5:47 PM	Watch_TV
7/29/11 5:48 PM	7/29/11 5:56 PM	Cook_Dinner
7/29/11 5:56 PM	7/29/11 5:58 PM	Step_Out
7/29/11 5:58 PM	7/29/11 6:07 PM	Cook_Dinner
7/29/11 6:11 PM	7/29/11 6:14 PM	Step_Out
7/29/11 6:14 PM	7/29/11 6:28 PM	Cook_Dinner
7/29/11 6:28 PM	7/29/11 6:49 PM	Eat_Dinner
7/29/11 6:49 PM	7/29/11 6:51 PM	Drink
7/29/11 6:53 PM	7/29/11 7:27 PM	Watch_TV
7/29/11 7:28 PM	7/29/11 7:31 PM	Step_Out
7/29/11 7:35 PM	7/29/11 7:36 PM	Toilet
7/29/11 7:43 PM	7/29/11 7:43 PM	Personal_Hygiene
7/29/11 7:46 PM	7/29/11 8:11 PM	Watch_TV
7/29/11 8:13 PM	7/29/11 8:17 PM	Work_At_Table
7/29/11 8:20 PM	7/29/11 8:29 PM	Personal_Hygiene
7/29/11 8:30 PM	7/29/11 8:38 PM	Wash_Dinner_Dishes
7/29/11 8:38 PM	7/29/11 9:20 PM	Watch_TV
7/29/11 9:21 PM	7/29/11 9:58 PM	Read
7/29/11 9:59 PM	7/29/11 10:01 PM	Drink
7/29/11 10:02 PM	7/29/11 10:03 PM	Dress
7/29/11 10:03 PM	7/29/11 10:09 PM	Toilet
7/29/11 10:11 PM	7/29/11 10:14 PM	Personal_Hygiene
7/29/11 10:14 PM	7/29/11 10:17 PM	Dress
7/29/11 10:18 PM	7/29/11 10:46 PM	Personal_Hygiene
7/29/11 10:48 PM	7/30/11 6:33 AM	Sleep
7/30/11 12:17 AM	7/30/11 6:33 AM	Sleep
7/30/11 6:33 AM	7/30/11 6:34 AM	Toilet
7/30/11 6:37 AM	7/30/11 6:38 AM	Morning_Meds
7/30/11 6:39 AM	7/30/11 7:21 AM	Read
7/30/11 7:37 AM	7/30/11 10:29 AM	Sleep
7/30/11 10:30 AM	7/30/11 10:33 AM	Toilet
7/30/11 10:34 AM	7/30/11 10:40 AM	Cook_Breakfast
7/30/11 10:40 AM	7/30/11 11:00 AM	Eat_Breakfast
7/30/11 11:00 AM	7/30/11 11:03 AM	Wash_Breakfast_Dishes
7/30/11 11:04 AM	7/30/11 12:15 PM	Read
7/30/11 12:17 PM	7/30/11 12:17 PM	Toilet
7/30/11 12:18 PM	7/30/11 12:19 PM	Take_Medicine
7/30/11 12:20 PM	7/30/11 12:21 PM	Toilet
7/30/11 12:22 PM	7/30/11 12:26 PM	Personal_Hygiene
7/30/11 12:31 PM	7/30/11 12:51 PM	Work
7/30/11 12:51 PM	7/30/11 1:05 PM	Personal_Hygiene
7/30/11 1:05 PM	7/30/11 1:12 PM	Bathe
7/30/11 1:12 PM	7/30/11 1:20 PM	Groom
7/30/11 1:20 PM	7/30/11 1:25 PM	Dress
7/30/11 1:26 PM	7/30/11 1:42 PM	Groom
7/30/11 1:45 PM	7/30/11 1:56 PM	Cook_Lunch
7/30/11 1:56 PM	7/30/11 2:13 PM	Eat_Lunch
7/30/11 2:13 PM	7/30/11 2:21 PM	Wash_Lunch_Dishes
7/30/11 2:23 PM	7/30/11 2:28 PM	Work_At_Table
7/30/11 2:30 PM	7/30/11 2:33 PM	Dress
7/30/11 2:33 PM	7/30/11 2:34 PM	Toilet
7/30/11 2:38 PM	7/30/11 2:39 PM	Personal_Hygiene
7/30/11 2:44 PM	7/30/11 2:50 PM	Relax
7/30/11 2:52 PM	7/30/11 3:00 PM	Personal_Hygiene
7/30/11 3:08 PM	7/30/11 3:49 PM	Relax
7/30/11 3:51 PM	7/30/11 3:52 PM	Drink
7/30/11 3:52 PM	7/30/11 4:41 PM	Sleep_Out_Of_Bed
7/30/11 4:41 PM	7/30/11 4:50 PM	Relax
7/30/11 4:56 PM	7/30/11 4:57 PM	Toilet
7/30/11 5:01 PM	7/30/11 5:02 PM	Phone
7/30/11 5:02 PM	7/30/11 5:02 PM	Leave_Home
7/30/11 5:07 PM	7/30/11 5:07 PM	Enter_Home
7/30/11 5:08 PM	7/30/11 5:12 PM	Drink
7/30/11 5:12 PM	7/30/11 5:18 PM	Phone
7/30/11 5:18 PM	7/30/11 6:25 PM	Watch_TV
7/30/11 6:25 PM	7/30/11 6:38 PM	Cook_Dinner
7/30/11 6:38 PM	7/30/11 6:47 PM	Eat_Dinner
7/30/11 6:47 PM	7/30/11 6:53 PM	Wash_Dinner_Dishes
7/30/11 6:53 PM	7/30/11 8:37 PM	Watch_TV
7/30/11 8:38 PM	7/30/11 8:43 PM	Wash_Dinner_Dishes
7/30/11 8:43 PM	7/30/11 8:44 PM	Drink
7/30/11 8:44 PM	7/30/11 8:46 PM	Wash_Dishes
7/30/11 8:47 PM	7/30/11 8:47 PM	Drink
7/30/11 8:48 PM	7/30/11 9:00 PM	Dress
7/30/11 9:00 PM	7/30/11 9:02 PM	Toilet
7/30/11 9:09 PM	7/30/11 9:13 PM	Step_Out
7/30/11 9:15 PM	7/30/11 9:24 PM	Work
7/30/11 9:25 PM	7/30/11 10:19 PM	Read
7/30/11 10:20 PM	7/30/11 10:28 PM	Personal_Hygiene
7/30/11 10:31 PM	7/30/11 10:36 PM	Dress
7/30/11 10:36 PM	7/30/11 11:05 PM	Groom
7/30/11 11:06 PM	7/31/11 4:59 AM	Sleep
7/31/11 12:11 AM	7/31/11 4:59 AM	Sleep
7/31/11 4:59 AM	7/31/11 5:02 AM	Bed_Toilet_Transition
7/31/11 5:02 AM	7/31/11 9:02 AM	Sleep
7/31/11 9:02 AM	7/31/11 9:03 AM	Toilet
7/31/11 9:03 AM	7/31/11 9:05 AM	Morning_Meds
7/31/11 9:06 AM	7/31/11 9:26 AM	Read
7/31/11 9:27 AM	7/31/11 9:28 AM	Drink
7/31/11 9:29 AM	7/31/11 9:36 AM	Cook_Breakfast
7/31/11 9:36 AM	7/31/11 9:37 AM	Toilet
7/31/11 9:41 AM	7/31/11 9:47 AM	Personal_Hygiene
7/31/11 9:48 AM	7/31/11 9:57 AM	Bathe
7/31/11 9:57 AM	7/31/11 10:03 AM	Groom
7/31/11 10:03 AM	7/31/11 10:10 AM	Dress
7/31/11 10:12 AM	7/31/11 10:23 AM	Groom
7/31/11 10:30 AM	7/31/11 10:31 AM	Leave_Home
7/31/11 1:40 PM	7/31/11 1:41 PM	Enter_Home
7/31/11 1:44 PM	7/31/11 1:48 PM	Toilet
7/31/11 1:49 PM	7/31/11 1:50 PM	Drink
7/31/11 1:51 PM	7/31/11 2:49 PM	Relax
7/31/11 2:50 PM	7/31/11 4:10 PM	Sleep_Out_Of_Bed
7/31/11 4:10 PM	7/31/11 5:00 PM	Relax
7/31/11 5:01 PM	7/31/11 5:38 PM	Watch_TV
7/31/11 5:39 PM	7/31/11 5:41 PM	Toilet
7/31/11 5:44 PM	7/31/11 6:00 PM	Personal_Hygiene
7/31/11 6:10 PM	7/31/11 6:16 PM	Cook_Dinner
7/31/11 6:16 PM	7/31/11 6:33 PM	Watch_TV
7/31/11 6:33 PM	7/31/11 6:51 PM	Cook_Dinner
7/31/11 6:52 PM	7/31/11 6:53 PM	Eat_Dinner
7/31/11 6:53 PM	7/31/11 6:53 PM	Cook_Dinner
7/31/11 6:53 PM	7/31/11 7:07 PM	Eat_Dinner
7/31/11 7:09 PM	7/31/11 7:11 PM	Drink
7/31/11 7:12 PM	7/31/11 7:26 PM	Work_At_Table
7/31/11 7:27 PM	7/31/11 7:41 PM	Wash_Dinner_Dishes
7/31/11 7:43 PM	7/31/11 7:52 PM	Work
7/31/11 7:52 PM	7/31/11 7:58 PM	Toilet
7/31/11 8:00 PM	7/31/11 8:03 PM	Personal_Hygiene
7/31/11 8:33 PM	7/31/11 10:18 PM	Read
7/31/11 10:18 PM	7/31/11 10:21 PM	Drink
7/31/11 10:22 PM	7/31/11 10:23 PM	Dress
7/31/11 10:24 PM	7/31/11 10:47 PM	Groom
7/31/11 10:47 PM	7/31/11 10:47 PM	Personal_Hygiene
7/31/11 10:47 PM	8/1/11 1:11 AM	Sleep
8/1/11 12:27 AM	8/1/11 1:11 AM	Sleep
8/1/11 1:11 AM	8/1/11 1:17 AM	Cook
8/1/11 1:18 AM	8/1/11 1:28 AM	Eat
8/1/11 1:31 AM	8/1/11 1:31 AM	Wash_Dishes
8/1/11 1:32 AM	8/1/11 1:33 AM	Toilet
8/1/11 1:33 AM	8/1/11 6:03 AM	Sleep
8/1/11 6:04 AM	8/1/11 6:06 AM	Bed_Toilet_Transition
8/1/11 6:08 AM	8/1/11 9:05 AM	Sleep
8/1/11 9:06 AM	8/1/11 9:09 AM	Toilet
8/1/11 9:09 AM	8/1/11 9:10 AM	Morning_Meds
8/1/11 9:13 AM	8/1/11 9:57 AM	Read
8/1/11 10:00 AM	8/1/11 10:32 AM	Work_At_Table
8/1/11 10:33 AM	8/1/11 10:38 AM	Toilet
8/1/11 10:39 AM	8/1/11 10:42 AM	Cook_Breakfast
8/1/11 10:43 AM	8/1/11 10:47 AM	Work_At_Table
8/1/11 10:47 AM	8/1/11 10:58 AM	Cook_Breakfast
8/1/11 10:58 AM	8/1/11 11:13 AM	Eat_Breakfast
8/1/11 11:13 AM	8/1/11 11:15 AM	Wash_Breakfast_Dishes
8/1/11 11:18 AM	8/1/11 11:36 AM	Read
8/1/11 11:36 AM	8/1/11 11:39 AM	Toilet
8/1/11 11:40 AM	8/1/11 11:40 AM	Personal_Hygiene
8/1/11 11:43 AM	8/1/11 12:40 PM	Relax
8/1/11 12:40 PM	8/1/11 12:41 PM	Drink
8/1/11 12:41 PM	8/1/11 12:43 PM	Take_Medicine
8/1/11 12:43 PM	8/1/11 12:48 PM	Work
8/1/11 12:50 PM	8/1/11 1:19 PM	Relax
8/1/11 1:20 PM	8/1/11 1:24 PM	Wash_Dishes
8/1/11 1:25 PM	8/1/11 1:28 PM	Toilet
8/1/11 1:37 PM	8/1/11 2:01 PM	Relax
8/1/11 2:02 PM	8/1/11 3:02 PM	Sleep_Out_Of_Bed
8/1/11 3:04 PM	8/1/11 3:15 PM	Personal_Hygiene
8/1/11 3:15 PM	8/1/11 3:19 PM	Dress
8/1/11 3:19 PM	8/1/11 3:27 PM	Groom
8/1/11 3:29 PM	8/1/11 3:29 PM	Leave_Home
8/1/11 4:29 PM	8/1/11 4:29 PM	Enter_Home
8/1/11 4:30 PM	8/1/11 4:33 PM	Drink
8/1/11 4:41 PM	8/1/11 4:43 PM	Personal_Hygiene
8/1/11 4:44 PM	8/1/11 4:49 PM	Toilet
8/1/11 4:52 PM	8/1/11 4:54 PM	Drink
8/1/11 4:54 PM	8/1/11 4:56 PM	Wash_Dishes
8/1/11 4:57 PM	8/1/11 4:57 PM	Personal_Hygiene
8/1/11 4:58 PM	8/1/11 5:00 PM	Drink
8/1/11 5:03 PM	8/1/11 5:03 PM	Leave_Home
8/1/11 6:17 PM	8/1/11 6:18 PM	Enter_Home
8/1/11 6:18 PM	8/1/11 6:35 PM	Cook_Dinner
8/1/11 6:36 PM	8/1/11 6:38 PM	Toilet
8/1/11 6:39 PM	8/1/11 6:40 PM	Personal_Hygiene
8/1/11 6:41 PM	8/1/11 6:53 PM	Eat_Dinner
8/1/11 6:54 PM	8/1/11 6:58 PM	Work
8/1/11 6:58 PM	8/1/11 7:02 PM	Work_At_Table
8/1/11 7:04 PM	8/1/11 7:05 PM	Drink
8/1/11 7:05 PM	8/1/11 8:52 PM	Sleep_Out_Of_Bed
8/1/11 8:53 PM	8/1/11 8:56 PM	Wash_Dinner_Dishes
8/1/11 8:57 PM	8/1/11 8:57 PM	Wash_Dishes
8/1/11 8:57 PM	8/1/11 8:58 PM	Drink
8/1/11 9:00 PM	8/1/11 9:01 PM	Toilet
8/1/11 9:05 PM	8/1/11 9:07 PM	Dress
8/1/11 9:14 PM	8/1/11 9:39 PM	Personal_Hygiene
8/1/11 9:40 PM	8/1/11 9:42 PM	Toilet
8/1/11 9:43 PM	8/1/11 10:55 PM	Read
8/1/11 10:56 PM	8/2/11 4:09 AM	Sleep
8/2/11 4:09 AM	8/2/11 4:09 AM	Sleep
8/2/11 4:10 AM	8/2/11 4:13 AM	Bed_Toilet_Transition
8/2/11 4:13 AM	8/2/11 9:09 AM	Sleep
8/2/11 9:09 AM	8/2/11 9:12 AM	Toilet
8/2/11 9:12 AM	8/2/11 9:13 AM	Morning_Meds
8/2/11 9:15 AM	8/2/11 10:18 AM	Read
8/2/11 10:18 AM	8/2/11 12:18 PM	Sleep
8/2/11 12:22 PM	8/2/11 12:26 PM	Personal_Hygiene
8/2/11 12:26 PM	8/2/11 12:27 PM	Take_Medicine
8/2/11 12:29 PM	8/2/11 12:32 PM	Cook_Lunch
8/2/11 12:32 PM	8/2/11 1:00 PM	Work_At_Table
8/2/11 1:00 PM	8/2/11 1:06 PM	Cook_Lunch
8/2/11 1:06 PM	8/2/11 1:17 PM	Eat_Lunch
8/2/11 1:20 PM	8/2/11 1:21 PM	Wash_Lunch_Dishes
8/2/11 1:22 PM	8/2/11 2:11 PM	Relax
8/2/11 2:11 PM	8/2/11 2:13 PM	Toilet
8/2/11 2:13 PM	8/2/11 2:36 PM	Relax
8/2/11 2:36 PM	8/2/11 2:37 PM	Wash_Lunch_Dishes
8/2/11 2:41 PM	8/2/11 2:47 PM	Personal_Hygiene
8/2/11 2:47 PM	8/2/11 2:58 PM	Work
8/2/11 2:58 PM	8/2/11 3:06 PM	Personal_Hygiene
8/2/11 3:06 PM	8/2/11 3:12 PM	Bathe
8/2/11 3:12 PM	8/2/11 3:23 PM	Groom
8/2/11 3:23 PM	8/2/11 3:28 PM	Dress
8/2/11 3:28 PM	8/2/11 3:40 PM	Groom
8/2/11 3:43 PM	8/2/11 3:44 PM	Leave_Home
8/2/11 5:01 PM	8/2/11 5:02 PM	Enter_Home
8/2/11 5:04 PM	8/2/11 5:14 PM	Cook_Dinner
8/2/11 5:15 PM	8/2/11 5:16 PM	Toilet
8/2/11 5:16 PM	8/2/11 5:17 PM	Personal_Hygiene
8/2/11 5:18 PM	8/2/11 5:24 PM	Cook_Dinner
8/2/11 5:24 PM	8/2/11 5:28 PM	Toilet
8/2/11 5:29 PM	8/2/11 5:29 PM	Cook_Dinner
8/2/11 5:33 PM	8/2/11 5:34 PM	Toilet
8/2/11 5:35 PM	8/2/11 5:35 PM	Leave_Home
8/2/11 5:47 PM	8/2/11 5:47 PM	Enter_Home
8/2/11 5:48 PM	8/2/11 6:38 PM	Watch_TV
8/2/11 6:39 PM	8/2/11 6:44 PM	Work
8/2/11 6:47 PM	8/2/11 6:57 PM	Cook_Dinner
8/2/11 6:58 PM	8/2/11 7:03 PM	Watch_TV
8/2/11 7:03 PM	8/2/11 7:07 PM	Cook_Dinner
8/2/11 7:09 PM	8/2/11 7:17 PM	Eat_Dinner
8/2/11 7:17 PM	8/2/11 7:18 PM	Wash_Dinner_Dishes
8/2/11 7:19 PM	8/2/11 7:59 PM	Watch_TV
8/2/11 8:00 PM	8/2/11 8:02 PM	Drink
8/2/11 8:03 PM	8/2/11 8:15 PM	Wash_Dinner_Dishes
8/2/11 8:40 PM	8/2/11 9:21 PM	Read
8/2/11 9:22 PM	8/2/11 9:24 PM	Drink
8/2/11 9:30 PM	8/2/11 9:33 PM	Dress
8/2/11 9:33 PM	8/2/11 10:01 PM	Personal_Hygiene
8/2/11 10:02 PM	8/2/11 10:06 PM	Toilet
8/2/11 10:06 PM	8/3/11 3:37 AM	Sleep
8/3/11 1:41 AM	8/3/11 3:37 AM	Sleep
8/3/11 3:38 AM	8/3/11 3:41 AM	Bed_Toilet_Transition
8/3/11 3:41 AM	8/3/11 7:29 AM	Sleep
8/3/11 7:29 AM	8/3/11 7:34 AM	Toilet
8/3/11 7:34 AM	8/3/11 7:34 AM	Morning_Meds
8/3/11 7:36 AM	8/3/11 9:02 AM	Read
8/3/11 9:04 AM	8/3/11 9:06 AM	Toilet
8/3/11 9:06 AM	8/3/11 9:11 AM	Dress
8/3/11 9:12 AM	8/3/11 9:37 AM	Work_At_Table
8/3/11 9:37 AM	8/3/11 9:51 AM	Cook_Breakfast
8/3/11 9:51 AM	8/3/11 10:03 AM	Eat_Breakfast
8/3/11 10:03 AM	8/3/11 10:15 AM	Wash_Breakfast_Dishes
8/3/11 10:17 AM	8/3/11 10:25 AM	Bathe
8/3/11 10:25 AM	8/3/11 10:25 AM	Dress
8/3/11 10:26 AM	8/3/11 12:12 PM	Relax
8/3/11 12:12 PM	8/3/11 12:15 PM	Toilet
8/3/11 12:15 PM	8/3/11 12:18 PM	Drink
8/3/11 12:18 PM	8/3/11 12:29 PM	Work_At_Table
8/3/11 12:33 PM	8/3/11 12:36 PM	Phone
8/3/11 12:36 PM	8/3/11 12:36 PM	Take_Medicine
8/3/11 12:37 PM	8/3/11 12:58 PM	Work
8/3/11 12:58 PM	8/3/11 1:15 PM	Personal_Hygiene
8/3/11 1:15 PM	8/3/11 1:23 PM	Relax
8/3/11 1:25 PM	8/3/11 1:31 PM	Work_At_Table
8/3/11 1:34 PM	8/3/11 1:55 PM	Personal_Hygiene
8/3/11 1:59 PM	8/3/11 2:03 PM	Relax
8/3/11 2:03 PM	8/3/11 2:16 PM	Personal_Hygiene
8/3/11 2:20 PM	8/3/11 2:21 PM	Drink
8/3/11 2:21 PM	8/3/11 2:22 PM	Leave_Home
8/3/11 2:55 PM	8/3/11 2:56 PM	Enter_Home
8/3/11 2:56 PM	8/3/11 3:03 PM	Cook_Lunch
8/3/11 3:04 PM	8/3/11 3:22 PM	Eat_Lunch
8/3/11 3:23 PM	8/3/11 3:24 PM	Drink
8/3/11 3:27 PM	8/3/11 3:27 PM	Personal_Hygiene
8/3/11 3:27 PM	8/3/11 5:35 PM	Sleep_Out_Of_Bed
8/3/11 5:44 PM	8/3/11 5:53 PM	Toilet
8/3/11 5:53 PM	8/3/11 5:56 PM	Dress
8/3/11 5:56 PM	8/3/11 6:01 PM	Step_Out
8/3/11 6:08 PM	8/3/11 6:08 PM	Personal_Hygiene
8/3/11 6:23 PM	8/3/11 6:37 PM	Dress
8/3/11 6:39 PM	8/3/11 6:43 PM	Step_Out
8/3/11 6:43 PM	8/3/11 6:43 PM	Personal_Hygiene
8/3/11 6:44 PM	8/3/11 6:46 PM	Toilet
8/3/11 6:53 PM	8/3/11 6:59 PM	Cook_Dinner
8/3/11 6:59 PM	8/3/11 7:07 PM	Phone
8/3/11 7:07 PM	8/3/11 7:08 PM	Cook_Dinner
8/3/11 7:08 PM	8/3/11 7:27 PM	Watch_TV
8/3/11 7:27 PM	8/3/11 7:31 PM	Step_Out
8/3/11 7:36 PM	8/3/11 7:50 PM	Cook_Dinner
8/3/11 7:50 PM	8/3/11 8:03 PM	Eat_Dinner
8/3/11 8:06 PM	8/3/11 8:11 PM	Work_At_Table
8/3/11 8:13 PM	8/3/11 8:14 PM	Wash_Dinner_Dishes
8/3/11 8:15 PM	8/3/11 8:33 PM	Watch_TV
8/3/11 8:33 PM	8/3/11 8:37 PM	Wash_Dinner_Dishes
8/3/11 8:38 PM	8/3/11 8:41 PM	Toilet
8/3/11 8:41 PM	8/3/11 8:42 PM	Dress
8/3/11 8:45 PM	8/3/11 8:47 PM	Toilet
8/3/11 8:51 PM	8/3/11 8:58 PM	Wash_Dinner_Dishes
8/3/11 8:58 PM	8/3/11 9:23 PM	Read
8/3/11 9:28 PM	8/3/11 9:36 PM	Dress
8/3/11 9:37 PM	8/3/11 9:58 PM	Personal_Hygiene
8/3/11 9:58 PM	8/3/11 10:03 PM	Groom
8/3/11 10:04 PM	8/4/11 7:05 AM	Sleep
8/4/11 12:00 AM	8/4/11 7:05 AM	Sleep
8/4/11 7:06 AM	8/4/11 7:08 AM	Toilet
8/4/11 7:09 AM	8/4/11 7:10 AM	Morning_Meds
8/4/11 7:11 AM	8/4/11 7:55 AM	Read
8/4/11 7:57 AM	8/4/11 8:17 AM	Work_At_Table
8/4/11 8:17 AM	8/4/11 8:22 AM	Cook_Breakfast
8/4/11 8:22 AM	8/4/11 8:27 AM	Eat_Breakfast
8/4/11 8:28 AM	8/4/11 8:28 AM	Wash_Breakfast_Dishes
8/4/11 8:32 AM	8/4/11 8:33 AM	Dress
8/4/11 8:33 AM	8/4/11 8:40 AM	Personal_Hygiene
8/4/11 8:41 AM	8/4/11 8:47 AM	Bathe
8/4/11 8:48 AM	8/4/11 8:54 AM	Groom
8/4/11 8:54 AM	8/4/11 8:59 AM	Dress
8/4/11 8:59 AM	8/4/11 9:12 AM	Groom
8/4/11 9:15 AM	8/4/11 9:18 AM	Drink
8/4/11 9:19 AM	8/4/11 9:20 AM	Toilet
8/4/11 9:20 AM	8/4/11 9:24 AM	Phone
8/4/11 9:24 AM	8/4/11 9:28 AM	Toilet
8/4/11 9:29 AM	8/4/11 9:30 AM	Leave_Home
8/4/11 12:21 PM	8/4/11 12:22 PM	Enter_Home
8/4/11 12:24 PM	8/4/11 12:45 PM	Work_At_Table
8/4/11 12:45 PM	8/4/11 12:49 PM	Cook_Lunch
8/4/11 12:51 PM	8/4/11 12:54 PM	Work_At_Table
8/4/11 12:54 PM	8/4/11 12:56 PM	Take_Medicine
8/4/11 12:56 PM	8/4/11 1:04 PM	Work
8/4/11 1:04 PM	8/4/11 1:08 PM	Toilet
8/4/11 1:09 PM	8/4/11 1:10 PM	Cook_Lunch
8/4/11 1:10 PM	8/4/11 1:24 PM	Eat_Lunch
8/4/11 1:27 PM	8/4/11 1:30 PM	Work_At_Table
8/4/11 1:33 PM	8/4/11 3:02 PM	Relax
8/4/11 3:03 PM	8/4/11 3:09 PM	Toilet
8/4/11 3:10 PM	8/4/11 3:15 PM	Personal_Hygiene
8/4/11 3:17 PM	8/4/11 3:17 PM	Leave_Home
8/4/11 4:09 PM	8/4/11 4:09 PM	Enter_Home
8/4/11 4:13 PM	8/4/11 4:13 PM	Personal_Hygiene
8/4/11 4:13 PM	8/4/11 4:52 PM	Relax
8/4/11 4:54 PM	8/4/11 5:03 PM	Work
8/4/11 5:05 PM	8/4/11 5:09 PM	Phone
8/4/11 5:12 PM	8/4/11 5:16 PM	Step_Out
8/4/11 5:17 PM	8/4/11 5:21 PM	Drink
8/4/11 5:21 PM	8/4/11 5:25 PM	Step_Out
8/4/11 5:32 PM	8/4/11 5:37 PM	Cook_Dinner
8/4/11 5:37 PM	8/4/11 5:50 PM	Watch_TV
8/4/11 5:50 PM	8/4/11 5:51 PM	Cook_Dinner
8/4/11 5:51 PM	8/4/11 6:16 PM	Watch_TV
8/4/11 6:16 PM	8/4/11 6:16 PM	Cook_Dinner
8/4/11 6:16 PM	8/4/11 6:23 PM	Watch_TV
8/4/11 6:23 PM	8/4/11 6:25 PM	Cook_Dinner
8/4/11 6:26 PM	8/4/11 6:29 PM	Watch_TV
8/4/11 6:29 PM	8/4/11 6:36 PM	Cook_Dinner
8/4/11 6:36 PM	8/4/11 6:47 PM	Eat_Dinner
8/4/11 6:47 PM	8/4/11 6:48 PM	Cook_Dinner
8/4/11 6:48 PM	8/4/11 6:52 PM	Eat_Dinner
8/4/11 6:53 PM	8/4/11 6:54 PM	Wash_Dinner_Dishes
8/4/11 6:54 PM	8/4/11 6:55 PM	Drink
8/4/11 6:55 PM	8/4/11 7:51 PM	Watch_TV
8/4/11 7:51 PM	8/4/11 7:54 PM	Toilet
8/4/11 7:56 PM	8/4/11 8:06 PM	Wash_Dinner_Dishes
8/4/11 8:12 PM	8/4/11 8:59 PM	Read
8/4/11 8:59 PM	8/4/11 9:18 PM	Dress
8/4/11 9:24 PM	8/4/11 9:58 PM	Read
8/4/11 9:58 PM	8/4/11 10:00 PM	Dress
8/4/11 10:00 PM	8/4/11 10:14 PM	Personal_Hygiene
8/4/11 10:15 PM	8/4/11 10:28 PM	Groom
8/4/11 10:29 PM	8/5/11 5:09 AM	Sleep
8/5/11 12:00 AM	8/5/11 5:09 AM	Sleep
8/5/11 5:10 AM	8/5/11 5:13 AM	Bed_Toilet_Transition
8/5/11 5:13 AM	8/5/11 8:34 AM	Sleep
8/5/11 8:35 AM	8/5/11 8:37 AM	Toilet
8/5/11 8:37 AM	8/5/11 8:37 AM	Morning_Meds
8/5/11 8:41 AM	8/5/11 9:15 AM	Read
8/5/11 9:16 AM	8/5/11 9:31 AM	Work_At_Table
8/5/11 9:31 AM	8/5/11 9:32 AM	Drink
8/5/11 9:34 AM	8/5/11 9:45 AM	Cook_Breakfast
8/5/11 9:46 AM	8/5/11 9:50 AM	Dress
8/5/11 9:50 AM	8/5/11 9:54 AM	Personal_Hygiene
8/5/11 9:54 AM	8/5/11 9:55 AM	Dress
8/5/11 9:55 AM	8/5/11 9:59 AM	Personal_Hygiene
8/5/11 9:59 AM	8/5/11 10:04 AM	Bathe
8/5/11 10:04 AM	8/5/11 10:11 AM	Groom
8/5/11 10:11 AM	8/5/11 10:14 AM	Dress
8/5/11 10:14 AM	8/5/11 10:26 AM	Groom
8/5/11 10:26 AM	8/5/11 10:31 AM	Dress
8/5/11 10:31 AM	8/5/11 10:32 AM	Leave_Home
8/5/11 1:39 PM	8/5/11 1:40 PM	Enter_Home
8/5/11 1:40 PM	8/5/11 1:41 PM	Toilet
8/5/11 1:42 PM	8/5/11 1:43 PM	Take_Medicine
8/5/11 1:43 PM	8/5/11 1:47 PM	Dress
8/5/11 1:47 PM	8/5/11 1:50 PM	Personal_Hygiene
8/5/11 1:50 PM	8/5/11 1:52 PM	Toilet
8/5/11 1:52 PM	8/5/11 1:54 PM	Personal_Hygiene
8/5/11 2:00 PM	8/5/11 2:01 PM	Drink
8/5/11 2:04 PM	8/5/11 2:09 PM	Work_At_Table
8/5/11 2:11 PM	8/5/11 2:12 PM	Personal_Hygiene
8/5/11 2:16 PM	8/5/11 2:17 PM	Leave_Home
8/5/11 2:30 PM	8/5/11 2:30 PM	Enter_Home
8/5/11 2:31 PM	8/5/11 3:28 PM	Relax
8/5/11 3:30 PM	8/5/11 3:36 PM	Work
8/5/11 3:36 PM	8/5/11 3:41 PM	Relax
8/5/11 3:43 PM	8/5/11 3:45 PM	Wash_Dishes
8/5/11 3:46 PM	8/5/11 3:47 PM	Toilet
8/5/11 3:48 PM	8/5/11 3:48 PM	Personal_Hygiene
8/5/11 3:48 PM	8/5/11 3:57 PM	Work
8/5/11 3:57 PM	8/5/11 3:59 PM	Personal_Hygiene
8/5/11 4:02 PM	8/5/11 4:19 PM	Relax
8/5/11 4:19 PM	8/5/11 4:20 PM	Drink
8/5/11 4:21 PM	8/5/11 4:24 PM	Step_Out
8/5/11 4:24 PM	8/5/11 4:26 PM	Drink
8/5/11 4:26 PM	8/5/11 4:30 PM	Toilet
8/5/11 4:32 PM	8/5/11 4:33 PM	Personal_Hygiene
8/5/11 4:34 PM	8/5/11 4:54 PM	Entertain_Guests
8/5/11 4:54 PM	8/5/11 5:04 PM	Watch_TV
8/5/11 5:04 PM	8/5/11 5:12 PM	Entertain_Guests
8/5/11 5:12 PM	8/5/11 5:19 PM	Wash_Dishes
8/5/11 5:19 PM	8/5/11 5:23 PM	Step_Out
8/5/11 5:23 PM	8/5/11 5:38 PM	Wash_Dishes
8/5/11 5:38 PM	8/5/11 5:42 PM	Step_Out
8/5/11 5:42 PM	8/5/11 5:55 PM	Wash_Dishes
8/5/11 5:55 PM	8/5/11 5:55 PM	Leave_Home
8/5/11 7:58 PM	8/5/11 7:59 PM	Enter_Home
8/5/11 7:59 PM	8/5/11 8:40 PM	Entertain_Guests
8/5/11 8:40 PM	8/5/11 8:40 PM	Toilet
8/5/11 8:40 PM	8/5/11 8:41 PM	Drink
8/5/11 8:42 PM	8/5/11 8:42 PM	Personal_Hygiene
8/5/11 8:42 PM	8/5/11 8:45 PM	Dress
8/5/11 8:45 PM	8/5/11 8:50 PM	Toilet
8/5/11 8:54 PM	8/5/11 9:02 PM	Work
8/5/11 9:03 PM	8/5/11 9:04 PM	Drink
8/5/11 9:04 PM	8/5/11 9:13 PM	Work_At_Table
8/5/11 9:13 PM	8/5/11 9:20 PM	Read
8/5/11 9:24 PM	8/5/11 9:57 PM	Groom
8/5/11 9:57 PM	8/6/11 4:58 AM	Sleep
